<?xml version="1.0" encoding="ISO-8859-15" standalone="no"?><uc-export clientvers="12.2.0+low.build.10807">
<VARA OVD_VRName="FREI" data_type="STATIC" name="PCK.AUTOMIC_SONIC.PUB.VAR.METADATA" replacementmode="2">
<HEADER state="1">
<Title/>
<ArchiveKey1/>
<ArchiveKey2/>
<OH_SubType>STATIC</OH_SubType>
</HEADER>
<ATTR_VARA state="1">
<Type>C|Text</Type>
<lblSource>Static</lblSource>
<source>STATIC</source>
<VRName>FREI|Freely selected</VRName>
<NotFoundErr>0</NotFoundErr>
<NotFoundDef>1</NotFoundDef>
<ShareN>0</ShareN>
<ShareL>0</ShareL>
<ShareR>0</ShareR>
<MaxValue_C>1024</MaxValue_C>
<CheckMax_C>0</CheckMax_C>
<uppercase>0</uppercase>
<sortColumn>0</sortColumn>
<sortDirection>0</sortDirection>
<HostType/>
</ATTR_VARA>
<VARA state="1">
<Variables>
<row Name="Categories" Value="SONIC Integration" Value1="" Value2="" Value3="" Value4=""/>
<row Name="Company" Value="Automic" Value1="" Value2="" Value3="" Value4=""/>
<row Name="Dependencies" Value="PCK.ITPA_SHARED ~&gt; 1.3 , PCK.AUTOMIC_FILESYSTEM ~&gt; 1.2" Value1="" Value2="" Value3="" Value4=""/>
<row Name="Description" Value="" Value1="" Value2="" Value3="" Value4=""/>
<row Name="Homepage" Value="www.automic.com" Value1="" Value2="" Value3="" Value4=""/>
<row Name="License" Value="" Value1="" Value2="" Value3="" Value4=""/>
<row Name="Name" Value="PCK.AUTOMIC_SONIC" Value1="" Value2="" Value3="" Value4=""/>
<row Name="Package Format Version" Value="0.3.0" Value1="" Value2="" Value3="" Value4=""/>
<row Name="Title" Value="Automic SONIC" Value1="" Value2="" Value3="" Value4=""/>
<row Name="Type" Value="Action pack" Value1="" Value2="" Value3="" Value4=""/>
<row Name="Version" Value="1.0.1" Value1="" Value2="" Value3="" Value4=""/>
<row Name="Build Number" Value="9169" Value1="" Value2="" Value3="" Value4=""/><row Name="Revision" Value="b65ad2d" Value1="" Value2="" Value3="" Value4=""/></Variables>
</VARA>
<DOCU_Docu state="1" type="text">
<DOC/>
</DOCU_Docu>
</VARA>
</uc-export>